
--EMPLEADO
INSERT INTO EMPLEADO VALUES (19888999,'JORGE','ZANDOVAL',4000,943213551,'MACUL 9452')
INSERT INTO EMPLEADO VALUES (19889888,'ERICA','VALENZUELA',4000,945613121,'INDEPENDENCIA 455')
INSERT INTO EMPLEADO VALUES (13888999,'JOSE','RODRIGUEZ',4000,985345531,'LOS LEONES 4844')
--HORARIO
INSERT INTO HORARIO VALUES (1,19888999,'08:00:00','23:59:59','2018-05-28')
INSERT INTO HORARIO VALUES (2,19888999,'08:00:00','23:59:59','2018-05-29')
INSERT INTO HORARIO VALUES (3,19889888,'08:00:00','23:59:59','2018-05-30')
INSERT INTO HORARIO VALUES (4,19888999,'08:00:00','23:59:59','2018-05-31')
INSERT INTO HORARIO VALUES (5,19889888,'08:00:00','23:59:59','2018-06-01')
INSERT INTO HORARIO VALUES (6,19888999,'08:00:00','23:59:59','2018-06-02')
INSERT INTO HORARIO VALUES (7,19889888,'08:00:00','23:59:59','2018-06-03')
INSERT INTO HORARIO VALUES (8,19888999,'08:00:00','23:59:59','2018-06-04')
INSERT INTO HORARIO VALUES (9,19888999,'08:00:00','23:59:59','2018-06-05')
INSERT INTO HORARIO VALUES (10,19889888,'08:00:00','23:59:59','2018-06-06')
INSERT INTO HORARIO VALUES (11,19888999,'08:00:00','23:59:59','2018-06-07')
INSERT INTO HORARIO VALUES (12,13888999,'08:00:00','23:59:59','2018-06-08')
INSERT INTO HORARIO VALUES (13,19888999,'08:00:00','23:59:59','2018-06-09')
INSERT INTO HORARIO VALUES (14,19888999,'08:00:00','23:59:59','2018-06-10')
INSERT INTO HORARIO VALUES (15,13888999,'08:00:00','23:59:59','2018-06-11')
INSERT INTO HORARIO VALUES (16,19888999,'08:00:00','23:59:59','2018-06-12')
INSERT INTO HORARIO VALUES (17,19888999,'08:00:00','23:59:59','2018-06-13')
INSERT INTO HORARIO VALUES (18,13888999,'08:00:00','23:59:59','2018-06-14')
INSERT INTO HORARIO VALUES (19,13888999,'08:00:00','23:59:59','2018-06-15')
INSERT INTO HORARIO VALUES (20,19888999,'08:00:00','23:59:59','2018-06-16')
INSERT INTO HORARIO VALUES (21,13888999,'08:00:00','23:59:59','2018-06-17')
INSERT INTO HORARIO VALUES (22,19888999,'08:00:00','23:59:59','2018-06-18')
INSERT INTO HORARIO VALUES (23,13888999,'08:00:00','23:59:59','2018-06-19')
INSERT INTO HORARIO VALUES (25,13888999,'08:00:00','23:59:59','2018-06-20')
INSERT INTO HORARIO VALUES (26,19888999,'08:00:00','23:59:59','2018-06-21')
INSERT INTO HORARIO VALUES (27,19888999,'08:00:00','23:59:59','2018-06-22')
INSERT INTO HORARIO VALUES (28,19888999,'08:00:00','23:59:59','2018-06-23')
INSERT INTO HORARIO VALUES (29,19888999,'08:00:00','23:59:59','2018-06-24')
INSERT INTO HORARIO VALUES (30,19889888,'08:00:00','23:59:59','2018-06-25')
INSERT INTO HORARIO VALUES (31,19889888,'08:00:00','23:59:59','2018-06-26')
INSERT INTO HORARIO VALUES (32,19888999,'08:00:00','23:59:59','2018-06-27')
INSERT INTO HORARIO VALUES (33,19888999,'08:00:00','23:59:59','2018-06-28')
INSERT INTO HORARIO VALUES (34,13888999,'08:00:00','23:59:59','2018-06-29')
INSERT INTO HORARIO VALUES (35,19889888,'08:00:00','23:59:59','2018-06-30')
INSERT INTO HORARIO VALUES (36,19888999,'08:00:00','23:59:59','2018-07-01')
INSERT INTO HORARIO VALUES (37,13888999,'08:00:00','23:59:59','2018-07-02')
INSERT INTO HORARIO VALUES (38,19888999,'08:00:00','23:59:59','2018-07-03')
INSERT INTO HORARIO VALUES (39,19889888,'08:00:00','23:59:59','2018-07-04')
INSERT INTO HORARIO VALUES (40,19888999,'08:00:00','23:59:59','2018-07-05')
INSERT INTO HORARIO VALUES (41,13888999,'08:00:00','23:59:59','2018-07-06')
INSERT INTO HORARIO VALUES (42,13888999,'08:00:00','23:59:59','2018-07-07')
INSERT INTO HORARIO VALUES (43,19889888,'08:00:00','23:59:59','2018-07-08')
INSERT INTO HORARIO VALUES (44,13888999,'08:00:00','23:59:59','2018-07-09')
INSERT INTO HORARIO VALUES (45,19889888,'08:00:00','23:59:59','2018-07-10')
INSERT INTO HORARIO VALUES (46,13888999,'08:00:00','23:59:59','2018-07-11')
INSERT INTO HORARIO VALUES (47,19888999,'08:00:00','23:59:59','2018-07-12')
INSERT INTO HORARIO VALUES (48,13888999,'08:00:00','23:59:59','2018-07-13')
INSERT INTO HORARIO VALUES (49,13888999,'08:00:00','23:59:59','2018-07-14')
INSERT INTO HORARIO VALUES (50,19888999,'08:00:00','23:59:59','2018-07-15')
INSERT INTO HORARIO VALUES (51,13888999,'08:00:00','23:59:59','2018-07-16')
INSERT INTO HORARIO VALUES (52,19889888,'08:00:00','23:59:59','2018-07-17')
INSERT INTO HORARIO VALUES (53,13888999,'08:00:00','23:59:59','2018-07-18')
INSERT INTO HORARIO VALUES (54,19888999,'08:00:00','23:59:59','2018-07-19')
INSERT INTO HORARIO VALUES (55,13888999,'08:00:00','23:59:59','2018-07-20')
INSERT INTO HORARIO VALUES (56,19888999,'08:00:00','23:59:59','2018-07-21')
INSERT INTO HORARIO VALUES (57,19888999,'08:00:00','23:59:59','2018-07-22')
INSERT INTO HORARIO VALUES (58,13888999,'08:00:00','23:59:59','2018-07-23')
INSERT INTO HORARIO VALUES (59,19888999,'08:00:00','23:59:59','2018-07-24')
INSERT INTO HORARIO VALUES (60,19888999,'08:00:00','23:59:59','2018-07-25')
INSERT INTO HORARIO VALUES (61,13888999,'08:00:00','23:59:59','2018-07-26')
INSERT INTO HORARIO VALUES (62,13888999,'08:00:00','23:59:59','2018-07-27')
INSERT INTO HORARIO VALUES (63,19888999,'08:00:00','23:59:59','2018-07-28')
INSERT INTO HORARIO VALUES (64,13888999,'08:00:00','23:59:59','2018-07-29')
INSERT INTO HORARIO VALUES (65,19888999,'08:00:00','23:59:59','2018-07-30')
INSERT INTO HORARIO VALUES (66,13888999,'08:00:00','23:59:59','2018-07-31')
INSERT INTO HORARIO VALUES (67,19888999,'08:00:00','23:59:59','2018-08-01')
INSERT INTO HORARIO VALUES (68,13888999,'08:00:00','23:59:59','2018-08-02')
INSERT INTO HORARIO VALUES (69,19888999,'08:00:00','23:59:59','2018-08-03')
INSERT INTO HORARIO VALUES (70,19888999,'08:00:00','23:59:59','2018-08-04')
INSERT INTO HORARIO VALUES (71,19888999,'08:00:00','23:59:59','2018-08-05')
INSERT INTO HORARIO VALUES (72,19889888,'08:00:00','23:59:59','2018-08-06')
INSERT INTO HORARIO VALUES (73,19889888,'08:00:00','23:59:59','2018-08-07')
INSERT INTO HORARIO VALUES (74,19888999,'08:00:00','23:59:59','2018-08-08')
INSERT INTO HORARIO VALUES (75,19888999,'08:00:00','23:59:59','2018-08-09')
INSERT INTO HORARIO VALUES (76,13888999,'08:00:00','23:59:59','2018-08-10')
INSERT INTO HORARIO VALUES (77,19889888,'08:00:00','23:59:59','2018-08-11')
INSERT INTO HORARIO VALUES (78,19888999,'08:00:00','23:59:59','2018-08-12')
INSERT INTO HORARIO VALUES (79,13888999,'08:00:00','23:59:59','2018-08-13')
INSERT INTO HORARIO VALUES (80,19888999,'08:00:00','23:59:59','2018-08-14')
INSERT INTO HORARIO VALUES (81,19889888,'08:00:00','23:59:59','2018-08-15')
INSERT INTO HORARIO VALUES (82,19888999,'08:00:00','23:59:59','2018-08-16')
INSERT INTO HORARIO VALUES (83,13888999,'08:00:00','23:59:59','2018-08-17')
--PROVEEDOR
INSERT INTO PROVEEDOR VALUES (14999666,'JUAN', 'MERCEDES', 984246192, 'DISTRIBUIDORA REAL')
INSERT INTO PROVEEDOR VALUES (15858654,'RODRIGO', 'ROJAS', 958555242, 'DISTRIBUIDORA SANTA ANA')
INSERT INTO PROVEEDOR VALUES (13458745,'MIGUEL', 'ANGELES',954111542 , 'DISTRIBUIDORA ROJO FUEGO')
INSERT INTO PROVEEDOR VALUES (15432258,'SEBASTIAN', 'PAREDES', 956245564, 'PAPA JUANS DISTRIBUTIONS')
INSERT INTO PROVEEDOR VALUES (15425545,'JESUS', 'ALFONSO', 942554112, 'DISTRIBUIDORA SAN MIGUEL')
INSERT INTO PROVEEDOR VALUES (15445525,'FABIAN', 'MENDOZA', 945225412, 'DISTRIBUIDORA SANTIAGO SUR')
INSERT INTO PROVEEDOR VALUES (18452454,'CARLOS', 'FREIRE', 995866621, 'DISTRIBUIDORA ALCOHOL')
INSERT INTO PROVEEDOR VALUES (18990428,'FERNANDO','SCHWARZENEGGER',992376527,'EMBOTELLADORA ANDINA S.A.')
INSERT INTO PROVEEDOR VALUES(13373269, 'ARMANDO', 'CASAS', 938549824, 'DISTRIBUIDORA CONFETIX SA')
INSERT INTO PROVEEDOR VALUES(15986249, 'CAMILO', 'PARRA', 969852148, 'DISTRIBUIDORA LEYTON')
INSERT INTO PROVEEDOR VALUES(17259315, 'CAMILA', 'ROJAS', 969852159, 'READYFOOD')

--PROVISION
INSERT INTO PROVISION VALUES ( 0, 18990428, '2018-06-16', '13:40:23', '2018-10-16',221250)
INSERT INTO PROVISION VALUES ( 1, 18990428, '2018-04-01', '14:34:41', '2018-08-01',250750)
INSERT INTO PROVISION VALUES ( 2, 18990428, '2018-04-20', '14:23:32', '2018-08-23',198750)
INSERT INTO PROVISION VALUES ( 3, 18990428, '2018-04-14', '13:31:01', '2018-08-14',221000)
INSERT INTO PROVISION VALUES ( 4, 18990428, '2018-05-15', '13:45:23', '2018-09-15',105500)
INSERT INTO PROVISION VALUES ( 5, 18990428, '2018-05-26', '15:31:45', '2018-09-26',125500)
INSERT INTO PROVISION VALUES ( 6, 18990428, '2018-07-12', '13:22:12', '2018-11-12',250500)
INSERT INTO PROVISION VALUES ( 7, 18990428, '2018-01-12', '13:25:23', '2018-05-12',253250)
INSERT INTO PROVISION VALUES ( 8, 18990428, '2018-02-20', '13:24:23', '2018-06-20',84000)
INSERT INTO PROVISION VALUES ( 9, 18990428, '2018-02-27', '14:52:23', '2018-06-27',268000)
INSERT INTO PROVISION VALUES ( 10,18990428, '2018-03-14', '15:31:25', '2018-07-14',233750)
INSERT INTO PROVISION VALUES ( 11,18990428, '2018-03-23', '14:50:18', '2018-07-23',225000)
INSERT INTO PROVISION VALUES ( 120, 14999666, '2018-05-27', '12:52:01', '2018-09-27', 200000)
INSERT INTO PROVISION VALUES ( 121, 14999666, '2018-06-15', '15:01:59', '2018-10-15', 258000)
INSERT INTO PROVISION VALUES ( 122, 15858654, '2018-06-15', '16:30:48', '2018-10-15', 400000)
INSERT INTO PROVISION VALUES ( 123, 13458745, '2018-06-16', '17:00:05', '2018-10-16', 380000)
INSERT INTO PROVISION VALUES ( 124, 15432258, '2018-07-17', '12:30:09', '2018-11-17', 200100)
INSERT INTO PROVISION VALUES ( 125, 15425545, '2018-07-18', '13:01:15', '2018-11-18', 254000)
INSERT INTO PROVISION VALUES ( 126, 15445525, '2018-07-20', '14:10:11', '2018-11-20', 368800)
INSERT INTO PROVISION VALUES ( 127, 18452454, '2018-08-15', '13:05:51', '2018-12-15', 455700)
INSERT INTO PROVISION VALUES ( 128, 13458745, '2018-08-20', '12:04:57', '2018-12-20', 599900)
INSERT INTO PROVISION VALUES(200, 13373269, '2018-8-25', '12:20:00', '2018-10-1', 123854)
INSERT INTO PROVISION VALUES(201, 15986249, '2018-7-29', '10:21:30', '2018-9-1', 582124)
INSERT INTO PROVISION VALUES(202, 17259315, '2018-8-24', '13:26:50', '2018-10-1', 298521)
INSERT INTO PROVISION VALUES(203, 13373269, '2018-6-11', '11:23:40', '2018-8-1', 421535)
INSERT INTO PROVISION VALUES(204, 15986249, '2018-7-13', '13:37:00', '2018-9-1', 351204)
--CLASIFICACIONES
INSERT INTO CLASIFICACION VALUES (1,'BEBIDA FANTASIA')
INSERT INTO CLASIFICACION VALUES (2,'CERVEZA')
INSERT INTO CLASIFICACION VALUES (3,'VINO')
INSERT INTO CLASIFICACION VALUES (4,'WHISKY')
INSERT INTO CLASIFICACION VALUES (5,'VODKA')
INSERT INTO CLASIFICACION VALUES (6,'JUGO')
INSERT INTO CLASIFICACION VALUES (7,'AGUA MINERAL')
INSERT INTO CLASIFICACION VALUES (8,'AGUA ISOTONICA')
INSERT INTO CLASIFICACION VALUES (9,'CONFITES SALADOS')
INSERT INTO CLASIFICACION VALUES (10,'CONFITES DULCES')
INSERT INTO CLASIFICACION VALUES (11,'FRUTOS SECOS')
--PRODUCTOS
INSERT INTO PRODUCTO VALUES (0,1,'COCA-COLA DES 1.0',1050,10)
INSERT INTO PRODUCTO VALUES (1,1,'COCA-COLA DES 1.25',1200,10)
INSERT INTO PRODUCTO VALUES (2,1,'COCA-COLA DES 1.5',1450,10)
INSERT INTO PRODUCTO VALUES (3,1,'COCA-COLA DES 1.75',1600,10)
INSERT INTO PRODUCTO VALUES (4,1,'COCA-COLA DES 2.0',1750,10)
INSERT INTO PRODUCTO VALUES (5,1,'COCA-COLA DES 2.5',1900,10)
INSERT INTO PRODUCTO VALUES (6,1,'COCA-COLA DES 3.0',2100,10)
INSERT INTO PRODUCTO VALUES (7,1,'COCA-COLA L DES 1.0',1050,10)
INSERT INTO PRODUCTO VALUES (8,1,'COCA-COLA L DES 1.25',1200,10)
INSERT INTO PRODUCTO VALUES (9,1,'COCA-COLA L DES 1.5',1450,10)
INSERT INTO PRODUCTO VALUES (10,1,'COCA-COLA L DES 1.75',1600,10)
INSERT INTO PRODUCTO VALUES (11,1,'COCA-COLA L DES 2.0',1750,10)
INSERT INTO PRODUCTO VALUES (12,1,'COCA-COLA L DES 2.5',1900,10)
INSERT INTO PRODUCTO VALUES (13,1,'COCA-COLA L DES 3.0',2100,10)
INSERT INTO PRODUCTO VALUES (14,1,'COCA-COLA Z DES 1.0',1050,10)
INSERT INTO PRODUCTO VALUES (15,1,'COCA-COLA Z DES 1.25',1200,10)
INSERT INTO PRODUCTO VALUES (16,1,'COCA-COLA Z DES 1.5',1450,10)
INSERT INTO PRODUCTO VALUES (17,1,'COCA-COLA Z DES 1.75',1600,10)
INSERT INTO PRODUCTO VALUES (18,1,'COCA-COLA Z DES 2.0',1750,10)
INSERT INTO PRODUCTO VALUES (19,1,'COCA-COLA Z DES 2.5',1900,10)
INSERT INTO PRODUCTO VALUES (20,1,'COCA-COLA Z DES 3.0',2100,10)
INSERT INTO PRODUCTO VALUES (21,1,'COCA-COLA RET 1.25',850,10)
INSERT INTO PRODUCTO VALUES (22,1,'COCA-COLA RET 2',1000,10)
INSERT INTO PRODUCTO VALUES (23,1,'COCA-COLA RET 2.5',1200,10)
INSERT INTO PRODUCTO VALUES (24,1,'COCA-COLA RET 3',1500,10)
INSERT INTO PRODUCTO VALUES (25,1,'COCA-COLA L RET 1.25',850,10)
INSERT INTO PRODUCTO VALUES (26,1,'COCA-COLA L RET 2',1000,10)
INSERT INTO PRODUCTO VALUES (27,1,'COCA-COLA L RET 2.5',1200,10)
INSERT INTO PRODUCTO VALUES (28,1,'COCA-COLA L RET 3',1500,10)
INSERT INTO PRODUCTO VALUES (29,1,'COCA-COLA Z RET 1.25',850,10)
INSERT INTO PRODUCTO VALUES (30,1,'COCA-COLA Z RET 2',1000,10)
INSERT INTO PRODUCTO VALUES (31,1,'COCA-COLA Z RET 2.5',1200,10)
INSERT INTO PRODUCTO VALUES (32,1,'COCA-COLA Z RET 3',1500,10)
INSERT INTO PRODUCTO VALUES (33,1,'FANTA RET 2',1000,10)
INSERT INTO PRODUCTO VALUES (34,1,'FANTA L RET 2.5',1200,10)
INSERT INTO PRODUCTO VALUES (35,1,'SPRITE RET 2',1000,10)
INSERT INTO PRODUCTO VALUES (36,1,'SPRITE L RET 2.5',1200,10)
INSERT INTO PRODUCTO VALUES (37,1,'INCA KORA RET 2',1000,10)
INSERT INTO PRODUCTO VALUES (38,1,'INCA KOLA Z RET 2',1000,10)
INSERT INTO PRODUCTO VALUES (39,1,'COCA-COLA LATA',600,10)
INSERT INTO PRODUCTO VALUES (40,1,'COCA-COLA L LATA',600,10)
INSERT INTO PRODUCTO VALUES (41,1,'COCA-COLA Z LATA',600,10)
INSERT INTO PRODUCTO VALUES (42,1,'SPRITE LATA',600,10)
INSERT INTO PRODUCTO VALUES (43,1,'SPRTE Z LATA',600,10)
INSERT INTO PRODUCTO VALUES (44,1,'FANTA LATA',600,10)
INSERT INTO PRODUCTO VALUES (45,1,'FANTA Z LATA',600,10)
INSERT INTO PRODUCTO VALUES (46,1,'COCA-COLA MINI',350,10)
INSERT INTO PRODUCTO VALUES (47,1,'COCA-COLA L MINI',350,10)
INSERT INTO PRODUCTO VALUES (48,1,'COCA-COLA Z MINI',350,10)
INSERT INTO PRODUCTO VALUES (49,1,'SPRITE MINI',350,10)
INSERT INTO PRODUCTO VALUES (50,1,'SPRITE Z MINI',350,10)
INSERT INTO PRODUCTO VALUES (51,1,'FANTA MINI',350,10)
INSERT INTO PRODUCTO VALUES (52,1,'FANTA Z MINI',350,10)
INSERT INTO PRODUCTO VALUES (53,6,'AQUARIUS MANZANA',750,10)
INSERT INTO PRODUCTO VALUES (54,6,'AQUARIUS Pera',750,10)
INSERT INTO PRODUCTO VALUES (55,6,'AQUARIUS Uva',750,10)
INSERT INTO PRODUCTO VALUES (56,6,'AQUARIUS Durazno',750,10)
INSERT INTO PRODUCTO VALUES (57,6,'AQUARIUS Pomelo',750,10)
INSERT INTO PRODUCTO VALUES (58,6,'AQUARIUS Limonada',750,10)
INSERT INTO PRODUCTO VALUES (59,6,'FUZE Tea Limon',1000,10)
INSERT INTO PRODUCTO VALUES (60,6,'FUZE Tea MyM',1000,10)
INSERT INTO PRODUCTO VALUES (61,6,'FUZE Tea Pera y Salvia',1000,10)
INSERT INTO PRODUCTO VALUES (62,1,'QUATRO POMELO Z',1000,10)
INSERT INTO PRODUCTO VALUES (63,6,'ANDINA DURAZNO 1.5',950,10)
INSERT INTO PRODUCTO VALUES (64,6,'ANDINA DAMASCO 1.5',950,10)
INSERT INTO PRODUCTO VALUES (65,6,'ANDINA PINA 1.5',950,10)
INSERT INTO PRODUCTO VALUES (66,6,'ANDINA MANZANA 1.5',950,10)
INSERT INTO PRODUCTO VALUES (67,6,'ANDINA NARANJA 1.5',950,10)
INSERT INTO PRODUCTO VALUES (68,6,'ANDINA DURAZNO 2.5',1200,10)
INSERT INTO PRODUCTO VALUES (69,6,'ANDINA DAMASCO 2.5',1200,10)
INSERT INTO PRODUCTO VALUES (70,6,'ANDINA PINA 2.5',1200,10)
INSERT INTO PRODUCTO VALUES (71,6,'ANDINA MANZANA 2.5',1200,10)
INSERT INTO PRODUCTO VALUES (72,6,'ANDINA NARANJA 2.5',1200,10)
INSERT INTO PRODUCTO VALUES (73,6,'ANDINA DURAZNO L 1.5',950,10)
INSERT INTO PRODUCTO VALUES (74,6,'ANDINA DAMASCO L 1.5',950,10)
INSERT INTO PRODUCTO VALUES (75,6,'ANDINA PINA L 1.5',950,10)
INSERT INTO PRODUCTO VALUES (76,6,'ANDINA MANZANA L 1.5',950,10)
INSERT INTO PRODUCTO VALUES (77,6,'ANDINA NARANJO L 1.5',950,10)
INSERT INTO PRODUCTO VALUES (78,6,'ANDINA DURAZNO L 2.5',1200,10)
INSERT INTO PRODUCTO VALUES (79,6,'ANDINA DAMASCO L 2.5',1200,10)
INSERT INTO PRODUCTO VALUES (80,6,'ANDINA PINA L 2.5',1200,10)
INSERT INTO PRODUCTO VALUES (81,6,'ANDINA MANZANA L 2.5',1200,10)
INSERT INTO PRODUCTO VALUES (82,6,'ANDINA NARANJA L 2.5',1200,10)
INSERT INTO PRODUCTO VALUES (83,6,'ANDINA DURAZNO SORBETE',250,10)
INSERT INTO PRODUCTO VALUES (84,6,'ANDINA DAMASCO SORBETE',250,10)
INSERT INTO PRODUCTO VALUES (85,6,'ANDINA PINA SORBETE',250,10)
INSERT INTO PRODUCTO VALUES (86,6,'ANDINA MANZANA SORBETE',250,10)
INSERT INTO PRODUCTO VALUES (87,6,'ANDINA NARANJA SORBETE',250,10)
INSERT INTO PRODUCTO VALUES (88,6,'ANDINA DURAZNO N SORBETE',250,10)
INSERT INTO PRODUCTO VALUES (89,6,'ANDINA DAMASCO N SORBETE',250,10)
INSERT INTO PRODUCTO VALUES (90,6,'ANDINA PINA N SORBETE',250,10)
INSERT INTO PRODUCTO VALUES (91,6,'ANDINA MANZANA N SORBETE',250,10)
INSERT INTO PRODUCTO VALUES (92,6,'ANDINA NARANJA N SORBETE',250,10)
INSERT INTO PRODUCTO VALUES (93,6,'ADES NORMAL',950,10)
INSERT INTO PRODUCTO VALUES (94,6,'ADES VAINILLA',950,10)
INSERT INTO PRODUCTO VALUES (95,6,'ADES MANZANA',950,10)
INSERT INTO PRODUCTO VALUES (96,6,'ADES NARANJA',950,10)
INSERT INTO PRODUCTO VALUES (97,6,'ADES FRUTAS TROPICALES',950,10)
INSERT INTO PRODUCTO VALUES (98,6,'ADES DURAZNO',950,10)
INSERT INTO PRODUCTO VALUES (99,6,'ADES PINA',950,10)
INSERT INTO PRODUCTO VALUES (100,7,'BENEDICTINO C/G',650,10)
INSERT INTO PRODUCTO VALUES (101,7,'BENEDICTINO S/G',650,10)
INSERT INTO PRODUCTO VALUES (102,6,'BENEDICTINO FRUTILLA',800,10)
INSERT INTO PRODUCTO VALUES (103,6,'BENEDICTINO LIMON',800,10)
INSERT INTO PRODUCTO VALUES (104,1,'NORDIC AGUA TONICA',1000,10)
INSERT INTO PRODUCTO VALUES (105,1,'NORDIC GINGER ALE Z',1000,10)
INSERT INTO PRODUCTO VALUES (106,1,'NORDIC GINGER ALE',1000,10)
INSERT INTO PRODUCTO VALUES (107,7,'VITAL C/G',750,10)
INSERT INTO PRODUCTO VALUES (108,7,'VITAL S/G',750,10)
INSERT INTO PRODUCTO VALUES (109,6,'KAPO FRAMBUEZA',200,10)
INSERT INTO PRODUCTO VALUES (110,6,'KAPO MANZANA',200,10)
INSERT INTO PRODUCTO VALUES (111,6,'KAPO NARANJA',200,10)
INSERT INTO PRODUCTO VALUES (112,6,'KAPO PINA',200,10)
INSERT INTO PRODUCTO VALUES (113,8,'POWERADE ROJO',1200,10)
INSERT INTO PRODUCTO VALUES (114,8,'POWERADE NARANJA',1200,10)
INSERT INTO PRODUCTO VALUES (115,8,'POWERADE FROZEN BLAST',1200,10)
INSERT INTO PRODUCTO VALUES (116,8,'POWERADE LIMON',1200,10)
INSERT INTO PRODUCTO VALUES (117,8,'POWERADE FROZEN BLAST Z',1200,10)
INSERT INTO PRODUCTO VALUES (118,8,'POWERADE UVA Z',1200,10)
INSERT INTO PRODUCTO VALUES (119,8,'POWERADE GREEN PUNCH',1200,10)
INSERT INTO PRODUCTO VALUES (120,2,'GUINNESS 200 ML',3590,20)
INSERT INTO PRODUCTO VALUES (121,2,'CORONA 350 ML',5990,20)
INSERT INTO PRODUCTO VALUES (122,2,'SAN MIGUEL PREMIUM 400 ML',8990,20)
INSERT INTO PRODUCTO VALUES (123,2,'HEINEKEN 350 ML',5990,20)
INSERT INTO PRODUCTO VALUES (124,2,'PAULANER 400 ML',8990,20)
INSERT INTO PRODUCTO VALUES (125,2,'MAHOU 350 ML',5990,20)
INSERT INTO PRODUCTO VALUES (126,2,'LOWENBRAU ORIGINAL 350 ML',5990,20)
INSERT INTO PRODUCTO VALUES (127,2,'GRIMBERGEN 380 ML',6190,20)
INSERT INTO PRODUCTO VALUES (128,2,'FRANZISKANER IMPORTED 350 ML',5990,20)
INSERT INTO PRODUCTO VALUES (129,2,'HOEGAARDEN GRAND CRU 350 ML',5990,20)
INSERT INTO PRODUCTO VALUES (130,2,'HOEGAARDEN 300 ML',5990,20)
INSERT INTO PRODUCTO VALUES (131,2,'ERDINGER 350 ML',5990,20)
INSERT INTO PRODUCTO VALUES (132,2,'VOLL-DAMM DOBLE MALTA 350 ML',5990,20)
INSERT INTO PRODUCTO VALUES (133,2,'BUDWEISER 400 ML',8990,20)
INSERT INTO PRODUCTO VALUES (134,2,'CHIMAY 400 ML',8990,20)
INSERT INTO PRODUCTO VALUES (135,2,'MILLER GENUINE 350 ML',5990,20)
INSERT INTO PRODUCTO VALUES (136,2,'BRAHMA CHOPP 500 ML',10990,20)
INSERT INTO PRODUCTO VALUES (137,2,'DESPERADOS  350 ML',5990,20)
INSERT INTO PRODUCTO VALUES (138,2,'QUILMES CRISTAL 350 ML',5990,20)
INSERT INTO PRODUCTO VALUES (139,2,'BRAHMA 350 ML',5990,20)
INSERT INTO PRODUCTO VALUES (140,3,'CUNE RIOJA IMPERIAL 750 ML',13990,20)
INSERT INTO PRODUCTO vALUES (141,3,'OVEJA NEGRA 750 ML',13990,20)
INSERT INTO PRODUCTO VALUES (142,3,'DOMAINE SERENE PINOT 750 ML',13990,20)
INSERT INTO PRODUCTO VALUES (143,3,'CHATEAU CANON-LA 1 L',15990,20)
INSERT INTO PRODUCTO VALUES (144,3,'CROFT VINTAGE PORT 1 L',15990,20)
INSERT INTO PRODUCTO VALUES (145,3,'OLIVIER RAVOIRE 800 ML',13990,20)
INSERT INTO PRODUCTO VALUES (146,3,'LE MACCHIOLE BOLGHERI 750 ML',13990,20)
INSERT INTO PRODUCTO VALUES (147,3,'A TO Z WENEWORKS 1 L',15990,20)
INSERT INTO PRODUCTO VALUES (148,3,'GRAHAM TAWNY PORT 750 ML',13990,20)
INSERT INTO PRODUCTO VALUES (149,3,'BADIA A COLTIBUONO 1 L',15990,20)
INSERT INTO PRODUCTO VALUES (150,4,'OFFICERS CHOICE',15990,20)
INSERT INTO PRODUCTO VALUES (151,4,'EVAN WILLIAMS',15990,20)
INSERT INTO PRODUCTO VALUES (152,4,'JIM BEAM',15990,20)
INSERT INTO PRODUCTO VALUES (153,4,'JACK DANIELS',15990,20)
INSERT INTO PRODUCTO VALUES (154,5,'BELVEDERE 750 ML',9900,20)
INSERT INTO PRODUCTO VALUES (155,5,'CHOPIN 600 ML',12590,20)
INSERT INTO PRODUCTO VALUES (156,5,'KRUPNIK 500 ML',10990,20)
INSERT INTO PRODUCTO VALUES (157,5,'SMIRNOFF 650 ML',8590,20)
INSERT INTO PRODUCTO VALUES (158,5,'MISKAYA KRISTALL 750 ML',7590,20)
INSERT INTO PRODUCTO VALUES (159,5,'BLAVOD 750 ML',4590,20)
INSERT INTO PRODUCTO VALUES (200,9,'PAPAS LAYS', 600, 50)
INSERT INTO PRODUCTO VALUES (201,9,'RAMITAS', 600, 15)
INSERT INTO PRODUCTO VALUES (202,10,'COOKIES', 300, 30)
INSERT INTO PRODUCTO VALUES (203,9,'DORITOS', 600, 40)
INSERT INTO PRODUCTO VALUES (204,11,'MANI', 500, 20)
INSERT INTO PRODUCTO VALUES (205,9,'MANI SALADO', 600, 30)
INSERT INTO PRODUCTO VALUES (206,10,'HELADO PIÑA', 200, 41)
INSERT INTO PRODUCTO VALUES (207,11,'ALMENDRAS', 500, 10)
INSERT INTO PRODUCTO VALUES (208,10,'SUPER 8', 300, 60)
INSERT INTO PRODUCTO VALUES (209,10,'GOLPE', 300, 20)
INSERT INTO PRODUCTO VALUES (210,11,'NUECES', 500, 12)
INSERT INTO PRODUCTO VALUES (211,9,'CHEETOS', 600, 13)
INSERT INTO PRODUCTO VALUES (212,10,'CHICLE FRESHMINT', 200, 20)
INSERT INTO PRODUCTO VALUES (213,11,'CASTAÑAS', 500, 9) 
INSERT INTO PRODUCTO VALUES (214,9,'PAPAS MOMS', 550, 30)
INSERT INTO PRODUCTO VALUES (215,10,'CHICLE ORBIS', 200, 23)
INSERT INTO PRODUCTO VALUES (216,9,'ALMENDRA SALADA', 200, 10) 
INSERT INTO PRODUCTO VALUES (217,9,'PAPAS MARCO POLO', 550, 10)
INSERT INTO PRODUCTO VALUES (218,10,'CHICLE DENTIN', 200, 30)
INSERT INTO PRODUCTO VALUES (219,10,'MANGO SECO', 300, 10)
INSERT INTO PRODUCTO VALUES (220,9,'MARIACHIS', 500, 2)
INSERT INTO PRODUCTO VALUES (221,10,'CHICLE MITIMITI', 200, 10)
INSERT INTO PRODUCTO VALUES (222,10,'TABLETONES PACK', 800, 3) 
INSERT INTO PRODUCTO VALUES (223,9,'CABRITAS SALADAS', 600, 2)
INSERT INTO PRODUCTO VALUES (224,10,'FRUGELE', 50, 20)
INSERT INTO PRODUCTO VALUES (225,10,'SAPITO', 150, 10)
INSERT INTO PRODUCTO VALUES (226,9,'SNACK MIX', 650, 10)
INSERT INTO PRODUCTO VALUES (227,10,'CALUGA', 50, 10)
INSERT INTO PRODUCTO VALUES (228,10,'MEDIAHORA', 50, 30)
INSERT INTO PRODUCTO VALUES (229,9,'RAMITA DE QUESO', 600, 7)
INSERT INTO PRODUCTO VALUES (230,10,'TURRON', 200, 15)
INSERT INTO PRODUCTO VALUES (231,10,'CHISPOP', 600, 8)
INSERT INTO PRODUCTO VALUES (232,10,'GATOLATE', 600, 10)
--REGISTRO PROVISION
INSERT INTO REG_PROVISION (ID_RP, ID_PV, COD_BR_PD, CANTIDAD_RP, FECHA_VENCI_RP) VALUES (0,0,0,15,'2018-12-16')
INSERT INTO REG_PROVISION (ID_RP, ID_PV, COD_BR_PD, CANTIDAD_RP, FECHA_VENCI_RP) VALUES (1,0,1,15,'2018-12-16')
INSERT INTO REG_PROVISION (ID_RP, ID_PV, COD_BR_PD, CANTIDAD_RP, FECHA_VENCI_RP) VALUES (2,0,2,15,'2018-12-16')
INSERT INTO REG_PROVISION (ID_RP, ID_PV, COD_BR_PD, CANTIDAD_RP, FECHA_VENCI_RP) VALUES (3,0,3,15,'2018-12-16')
INSERT INTO REG_PROVISION (ID_RP, ID_PV, COD_BR_PD, CANTIDAD_RP, FECHA_VENCI_RP) VALUES (4,0,4,15,'2018-12-16')
INSERT INTO REG_PROVISION (ID_RP, ID_PV, COD_BR_PD, CANTIDAD_RP, FECHA_VENCI_RP) VALUES (5,0,5,15,'2018-12-16')
INSERT INTO REG_PROVISION (ID_RP, ID_PV, COD_BR_PD, CANTIDAD_RP, FECHA_VENCI_RP) VALUES (6,0,6,15,'2018-12-16')
INSERT INTO REG_PROVISION (ID_RP, ID_PV, COD_BR_PD, CANTIDAD_RP, FECHA_VENCI_RP) VALUES (7,0,7,15,'2018-12-16')
INSERT INTO REG_PROVISION (ID_RP, ID_PV, COD_BR_PD, CANTIDAD_RP, FECHA_VENCI_RP) VALUES (8,0,8,15,'2018-12-16')
INSERT INTO REG_PROVISION (ID_RP, ID_PV, COD_BR_PD, CANTIDAD_RP, FECHA_VENCI_RP) VALUES (9,0,9,15,'2018-12-16')
INSERT INTO REG_PROVISION (ID_RP, ID_PV, COD_BR_PD, CANTIDAD_RP, FECHA_VENCI_RP) VALUES (10,1,10,10,'2018-10-01')
INSERT INTO REG_PROVISION (ID_RP, ID_PV, COD_BR_PD, CANTIDAD_RP, FECHA_VENCI_RP) VALUES (11,1,11,10,'2018-10-01')
INSERT INTO REG_PROVISION (ID_RP, ID_PV, COD_BR_PD, CANTIDAD_RP, FECHA_VENCI_RP) VALUES (12,1,12,15,'2018-10-01')
INSERT INTO REG_PROVISION (ID_RP, ID_PV, COD_BR_PD, CANTIDAD_RP, FECHA_VENCI_RP) VALUES (13,1,13,10,'2018-10-01')
INSERT INTO REG_PROVISION (ID_RP, ID_PV, COD_BR_PD, CANTIDAD_RP, FECHA_VENCI_RP) VALUES (14,1,14,15,'2018-10-01')
INSERT INTO REG_PROVISION (ID_RP, ID_PV, COD_BR_PD, CANTIDAD_RP, FECHA_VENCI_RP) VALUES (15,1,15,15,'2018-10-01')
INSERT INTO REG_PROVISION (ID_RP, ID_PV, COD_BR_PD, CANTIDAD_RP, FECHA_VENCI_RP) VALUES (16,1,16,20,'2018-10-01')
INSERT INTO REG_PROVISION (ID_RP, ID_PV, COD_BR_PD, CANTIDAD_RP, FECHA_VENCI_RP) VALUES (17,1,17,20,'2018-10-01')
INSERT INTO REG_PROVISION (ID_RP, ID_PV, COD_BR_PD, CANTIDAD_RP, FECHA_VENCI_RP) VALUES (18,1,18,20,'2018-10-01')
INSERT INTO REG_PROVISION (ID_RP, ID_PV, COD_BR_PD, CANTIDAD_RP, FECHA_VENCI_RP) VALUES (19,1,19,20,'2018-10-01')
INSERT INTO REG_PROVISION (ID_RP, ID_PV, COD_BR_PD, CANTIDAD_RP, FECHA_VENCI_RP) VALUES (20,2,20,15,'2018-10-20')
INSERT INTO REG_PROVISION (ID_RP, ID_PV, COD_BR_PD, CANTIDAD_RP, FECHA_VENCI_RP) VALUES (21,2,21,20,'2018-10-20')
INSERT INTO REG_PROVISION (ID_RP, ID_PV, COD_BR_PD, CANTIDAD_RP, FECHA_VENCI_RP) VALUES (22,2,22,30,'2018-10-20')
INSERT INTO REG_PROVISION (ID_RP, ID_PV, COD_BR_PD, CANTIDAD_RP, FECHA_VENCI_RP) VALUES (23,2,23,25,'2018-10-20')
INSERT INTO REG_PROVISION (ID_RP, ID_PV, COD_BR_PD, CANTIDAD_RP, FECHA_VENCI_RP) VALUES (24,2,24,18,'2018-10-20')
INSERT INTO REG_PROVISION (ID_RP, ID_PV, COD_BR_PD, CANTIDAD_RP, FECHA_VENCI_RP) VALUES (25,2,25,20,'2018-10-20')
INSERT INTO REG_PROVISION (ID_RP, ID_PV, COD_BR_PD, CANTIDAD_RP, FECHA_VENCI_RP) VALUES (26,2,26,20,'2018-10-20')
INSERT INTO REG_PROVISION (ID_RP, ID_PV, COD_BR_PD, CANTIDAD_RP, FECHA_VENCI_RP) VALUES (27,2,27,15,'2018-10-20')
INSERT INTO REG_PROVISION (ID_RP, ID_PV, COD_BR_PD, CANTIDAD_RP, FECHA_VENCI_RP) VALUES (28,2,28,15,'2018-10-20')
INSERT INTO REG_PROVISION (ID_RP, ID_PV, COD_BR_PD, CANTIDAD_RP, FECHA_VENCI_RP) VALUES (29,2,29,15,'2018-10-20')
INSERT INTO REG_PROVISION (ID_RP, ID_PV, COD_BR_PD, CANTIDAD_RP, FECHA_VENCI_RP) VALUES (30,3,30,20,'2018-10-14')
INSERT INTO REG_PROVISION (ID_RP, ID_PV, COD_BR_PD, CANTIDAD_RP, FECHA_VENCI_RP) VALUES (31,3,31,15,'2018-10-14')
INSERT INTO REG_PROVISION (ID_RP, ID_PV, COD_BR_PD, CANTIDAD_RP, FECHA_VENCI_RP) VALUES (32,3,32,16,'2018-10-14')
INSERT INTO REG_PROVISION (ID_RP, ID_PV, COD_BR_PD, CANTIDAD_RP, FECHA_VENCI_RP) VALUES (33,3,33,18,'2018-10-14')
INSERT INTO REG_PROVISION (ID_RP, ID_PV, COD_BR_PD, CANTIDAD_RP, FECHA_VENCI_RP) VALUES (34,3,34,20,'2018-10-14')
INSERT INTO REG_PROVISION (ID_RP, ID_PV, COD_BR_PD, CANTIDAD_RP, FECHA_VENCI_RP) VALUES (35,3,35,15,'2018-10-14')
INSERT INTO REG_PROVISION (ID_RP, ID_PV, COD_BR_PD, CANTIDAD_RP, FECHA_VENCI_RP) VALUES (36,3,36,20,'2018-10-14')
INSERT INTO REG_PROVISION (ID_RP, ID_PV, COD_BR_PD, CANTIDAD_RP, FECHA_VENCI_RP) VALUES (37,3,37,30,'2018-10-14')
INSERT INTO REG_PROVISION (ID_RP, ID_PV, COD_BR_PD, CANTIDAD_RP, FECHA_VENCI_RP) VALUES (38,3,38,30,'2018-10-14')
INSERT INTO REG_PROVISION (ID_RP, ID_PV, COD_BR_PD, CANTIDAD_RP, FECHA_VENCI_RP) VALUES (39,3,39,30,'2018-10-14')
INSERT INTO REG_PROVISION (ID_RP, ID_PV, COD_BR_PD, CANTIDAD_RP, FECHA_VENCI_RP) VALUES (40,4,40,25,'2018-11-15')
INSERT INTO REG_PROVISION (ID_RP, ID_PV, COD_BR_PD, CANTIDAD_RP, FECHA_VENCI_RP) VALUES (41,4,41,25,'2018-11-15')
INSERT INTO REG_PROVISION (ID_RP, ID_PV, COD_BR_PD, CANTIDAD_RP, FECHA_VENCI_RP) VALUES (42,4,42,30,'2018-11-15')
INSERT INTO REG_PROVISION (ID_RP, ID_PV, COD_BR_PD, CANTIDAD_RP, FECHA_VENCI_RP) VALUES (43,4,43,30,'2018-11-15')
INSERT INTO REG_PROVISION (ID_RP, ID_PV, COD_BR_PD, CANTIDAD_RP, FECHA_VENCI_RP) VALUES (44,4,44,30,'2018-11-15')
INSERT INTO REG_PROVISION (ID_RP, ID_PV, COD_BR_PD, CANTIDAD_RP, FECHA_VENCI_RP) VALUES (45,4,45,15,'2018-11-15')
INSERT INTO REG_PROVISION (ID_RP, ID_PV, COD_BR_PD, CANTIDAD_RP, FECHA_VENCI_RP) VALUES (46,4,46,15,'2018-11-15')
INSERT INTO REG_PROVISION (ID_RP, ID_PV, COD_BR_PD, CANTIDAD_RP, FECHA_VENCI_RP) VALUES (47,4,47,20,'2018-11-15')
INSERT INTO REG_PROVISION (ID_RP, ID_PV, COD_BR_PD, CANTIDAD_RP, FECHA_VENCI_RP) VALUES (48,4,48,20,'2018-11-15')
INSERT INTO REG_PROVISION (ID_RP, ID_PV, COD_BR_PD, CANTIDAD_RP, FECHA_VENCI_RP) VALUES (49,4,49,15,'2018-11-15')
INSERT INTO REG_PROVISION (ID_RP, ID_PV, COD_BR_PD, CANTIDAD_RP, FECHA_VENCI_RP) VALUES (50,5,50,20,'2018-11-26')
INSERT INTO REG_PROVISION (ID_RP, ID_PV, COD_BR_PD, CANTIDAD_RP, FECHA_VENCI_RP) VALUES (51,5,51,20,'2018-11-26')
INSERT INTO REG_PROVISION (ID_RP, ID_PV, COD_BR_PD, CANTIDAD_RP, FECHA_VENCI_RP) VALUES (52,5,52,15,'2018-11-26')
INSERT INTO REG_PROVISION (ID_RP, ID_PV, COD_BR_PD, CANTIDAD_RP, FECHA_VENCI_RP) VALUES (53,5,53,15,'2018-11-26')
INSERT INTO REG_PROVISION (ID_RP, ID_PV, COD_BR_PD, CANTIDAD_RP, FECHA_VENCI_RP) VALUES (54,5,54,20,'2018-11-26')
INSERT INTO REG_PROVISION (ID_RP, ID_PV, COD_BR_PD, CANTIDAD_RP, FECHA_VENCI_RP) VALUES (55,5,55,20,'2018-11-26')
INSERT INTO REG_PROVISION (ID_RP, ID_PV, COD_BR_PD, CANTIDAD_RP, FECHA_VENCI_RP) VALUES (56,5,56,20,'2018-11-26')
INSERT INTO REG_PROVISION (ID_RP, ID_PV, COD_BR_PD, CANTIDAD_RP, FECHA_VENCI_RP) VALUES (57,5,57,20,'2018-11-26')
INSERT INTO REG_PROVISION (ID_RP, ID_PV, COD_BR_PD, CANTIDAD_RP, FECHA_VENCI_RP) VALUES (58,5,58,20,'2018-11-26')
INSERT INTO REG_PROVISION (ID_RP, ID_PV, COD_BR_PD, CANTIDAD_RP, FECHA_VENCI_RP) VALUES (59,5,59,20,'2018-11-26')
INSERT INTO REG_PROVISION (ID_RP, ID_PV, COD_BR_PD, CANTIDAD_RP, FECHA_VENCI_RP) VALUES (60,6,60,15,'2019-01-12')
INSERT INTO REG_PROVISION (ID_RP, ID_PV, COD_BR_PD, CANTIDAD_RP, FECHA_VENCI_RP) VALUES (61,6,61,20,'2019-01-12')
INSERT INTO REG_PROVISION (ID_RP, ID_PV, COD_BR_PD, CANTIDAD_RP, FECHA_VENCI_RP) VALUES (62,6,62,20,'2019-01-12')
INSERT INTO REG_PROVISION (ID_RP, ID_PV, COD_BR_PD, CANTIDAD_RP, FECHA_VENCI_RP) VALUES (63,6,63,20,'2019-01-12')
INSERT INTO REG_PROVISION (ID_RP, ID_PV, COD_BR_PD, CANTIDAD_RP, FECHA_VENCI_RP) VALUES (64,6,64,25,'2019-01-12')
INSERT INTO REG_PROVISION (ID_RP, ID_PV, COD_BR_PD, CANTIDAD_RP, FECHA_VENCI_RP) VALUES (65,6,65,25,'2019-01-12')
INSERT INTO REG_PROVISION (ID_RP, ID_PV, COD_BR_PD, CANTIDAD_RP, FECHA_VENCI_RP) VALUES (66,6,66,30,'2019-01-12')
INSERT INTO REG_PROVISION (ID_RP, ID_PV, COD_BR_PD, CANTIDAD_RP, FECHA_VENCI_RP) VALUES (67,6,67,30,'2019-01-12')
INSERT INTO REG_PROVISION (ID_RP, ID_PV, COD_BR_PD, CANTIDAD_RP, FECHA_VENCI_RP) VALUES (68,6,68,30,'2019-01-12')
INSERT INTO REG_PROVISION (ID_RP, ID_PV, COD_BR_PD, CANTIDAD_RP, FECHA_VENCI_RP) VALUES (69,6,69,30,'2019-01-12')
INSERT INTO REG_PROVISION (ID_RP, ID_PV, COD_BR_PD, CANTIDAD_RP, FECHA_VENCI_RP) VALUES (70,7,70,20,'2018-07-12')
INSERT INTO REG_PROVISION (ID_RP, ID_PV, COD_BR_PD, CANTIDAD_RP, FECHA_VENCI_RP) VALUES (71,7,71,25,'2018-07-12')
INSERT INTO REG_PROVISION (ID_RP, ID_PV, COD_BR_PD, CANTIDAD_RP, FECHA_VENCI_RP) VALUES (72,7,72,25,'2018-07-12')
INSERT INTO REG_PROVISION (ID_RP, ID_PV, COD_BR_PD, CANTIDAD_RP, FECHA_VENCI_RP) VALUES (73,7,73,25,'2018-07-12')
INSERT INTO REG_PROVISION (ID_RP, ID_PV, COD_BR_PD, CANTIDAD_RP, FECHA_VENCI_RP) VALUES (74,7,74,15,'2018-07-12')
INSERT INTO REG_PROVISION (ID_RP, ID_PV, COD_BR_PD, CANTIDAD_RP, FECHA_VENCI_RP) VALUES (75,7,75,15,'2018-07-12')
INSERT INTO REG_PROVISION (ID_RP, ID_PV, COD_BR_PD, CANTIDAD_RP, FECHA_VENCI_RP) VALUES (76,7,76,30,'2018-07-12')
INSERT INTO REG_PROVISION (ID_RP, ID_PV, COD_BR_PD, CANTIDAD_RP, FECHA_VENCI_RP) VALUES (77,7,77,30,'2018-07-12')
INSERT INTO REG_PROVISION (ID_RP, ID_PV, COD_BR_PD, CANTIDAD_RP, FECHA_VENCI_RP) VALUES (78,7,78,30,'2018-07-12')
INSERT INTO REG_PROVISION (ID_RP, ID_PV, COD_BR_PD, CANTIDAD_RP, FECHA_VENCI_RP) VALUES (79,7,79,20,'2018-07-12')
INSERT INTO REG_PROVISION (ID_RP, ID_PV, COD_BR_PD, CANTIDAD_RP, FECHA_VENCI_RP) VALUES (80,8,80,15,'2018-08-20')
INSERT INTO REG_PROVISION (ID_RP, ID_PV, COD_BR_PD, CANTIDAD_RP, FECHA_VENCI_RP) VALUES (81,8,81,15,'2018-08-20')
INSERT INTO REG_PROVISION (ID_RP, ID_PV, COD_BR_PD, CANTIDAD_RP, FECHA_VENCI_RP) VALUES (82,8,82,15,'2018-08-20')
INSERT INTO REG_PROVISION (ID_RP, ID_PV, COD_BR_PD, CANTIDAD_RP, FECHA_VENCI_RP) VALUES (83,8,83,15,'2018-08-20')
INSERT INTO REG_PROVISION (ID_RP, ID_PV, COD_BR_PD, CANTIDAD_RP, FECHA_VENCI_RP) VALUES (84,8,84,15,'2018-08-20')
INSERT INTO REG_PROVISION (ID_RP, ID_PV, COD_BR_PD, CANTIDAD_RP, FECHA_VENCI_RP) VALUES (85,8,85,15,'2018-08-20')
INSERT INTO REG_PROVISION (ID_RP, ID_PV, COD_BR_PD, CANTIDAD_RP, FECHA_VENCI_RP) VALUES (86,8,86,15,'2018-08-20')
INSERT INTO REG_PROVISION (ID_RP, ID_PV, COD_BR_PD, CANTIDAD_RP, FECHA_VENCI_RP) VALUES (87,8,87,20,'2018-08-20')
INSERT INTO REG_PROVISION (ID_RP, ID_PV, COD_BR_PD, CANTIDAD_RP, FECHA_VENCI_RP) VALUES (88,8,88,20,'2018-08-20')
INSERT INTO REG_PROVISION (ID_RP, ID_PV, COD_BR_PD, CANTIDAD_RP, FECHA_VENCI_RP) VALUES (89,8,89,20,'2018-08-20')
INSERT INTO REG_PROVISION (ID_RP, ID_PV, COD_BR_PD, CANTIDAD_RP, FECHA_VENCI_RP) VALUES (90,9,90,15,'2018-08-27')
INSERT INTO REG_PROVISION (ID_RP, ID_PV, COD_BR_PD, CANTIDAD_RP, FECHA_VENCI_RP) VALUES (91,9,91,25,'2018-08-27')
INSERT INTO REG_PROVISION (ID_RP, ID_PV, COD_BR_PD, CANTIDAD_RP, FECHA_VENCI_RP) VALUES (92,9,92,25,'2018-08-27')
INSERT INTO REG_PROVISION (ID_RP, ID_PV, COD_BR_PD, CANTIDAD_RP, FECHA_VENCI_RP) VALUES (93,9,93,25,'2018-08-27')
INSERT INTO REG_PROVISION (ID_RP, ID_PV, COD_BR_PD, CANTIDAD_RP, FECHA_VENCI_RP) VALUES (94,9,94,35,'2018-08-27')
INSERT INTO REG_PROVISION (ID_RP, ID_PV, COD_BR_PD, CANTIDAD_RP, FECHA_VENCI_RP) VALUES (95,9,95,35,'2018-08-27')
INSERT INTO REG_PROVISION (ID_RP, ID_PV, COD_BR_PD, CANTIDAD_RP, FECHA_VENCI_RP) VALUES (96,9,96,35,'2018-08-27')
INSERT INTO REG_PROVISION (ID_RP, ID_PV, COD_BR_PD, CANTIDAD_RP, FECHA_VENCI_RP) VALUES (97,9,97,45,'2018-08-27')
INSERT INTO REG_PROVISION (ID_RP, ID_PV, COD_BR_PD, CANTIDAD_RP, FECHA_VENCI_RP) VALUES (98,9,98,45,'2018-08-27')
INSERT INTO REG_PROVISION (ID_RP, ID_PV, COD_BR_PD, CANTIDAD_RP, FECHA_VENCI_RP) VALUES (99,9,99,45,'2018-08-27')
INSERT INTO REG_PROVISION (ID_RP, ID_PV, COD_BR_PD, CANTIDAD_RP, FECHA_VENCI_RP) VALUES (100,10,100,20,'2018-09-14')
INSERT INTO REG_PROVISION (ID_RP, ID_PV, COD_BR_PD, CANTIDAD_RP, FECHA_VENCI_RP) VALUES (101,10,101,25,'2018-09-14')
INSERT INTO REG_PROVISION (ID_RP, ID_PV, COD_BR_PD, CANTIDAD_RP, FECHA_VENCI_RP) VALUES (102,10,102,25,'2018-09-14')
INSERT INTO REG_PROVISION (ID_RP, ID_PV, COD_BR_PD, CANTIDAD_RP, FECHA_VENCI_RP) VALUES (103,10,103,25,'2018-09-14')
INSERT INTO REG_PROVISION (ID_RP, ID_PV, COD_BR_PD, CANTIDAD_RP, FECHA_VENCI_RP) VALUES (104,10,104,25,'2018-09-14')
INSERT INTO REG_PROVISION (ID_RP, ID_PV, COD_BR_PD, CANTIDAD_RP, FECHA_VENCI_RP) VALUES (105,10,105,30,'2018-09-14')
INSERT INTO REG_PROVISION (ID_RP, ID_PV, COD_BR_PD, CANTIDAD_RP, FECHA_VENCI_RP) VALUES (106,10,106,30,'2018-09-14')
INSERT INTO REG_PROVISION (ID_RP, ID_PV, COD_BR_PD, CANTIDAD_RP, FECHA_VENCI_RP) VALUES (107,10,107,30,'2018-09-14')
INSERT INTO REG_PROVISION (ID_RP, ID_PV, COD_BR_PD, CANTIDAD_RP, FECHA_VENCI_RP) VALUES (108,10,108,60,'2018-09-14')
INSERT INTO REG_PROVISION (ID_RP, ID_PV, COD_BR_PD, CANTIDAD_RP, FECHA_VENCI_RP) VALUES (109,10,109,60,'2018-09-14')
INSERT INTO REG_PROVISION (ID_RP, ID_PV, COD_BR_PD, CANTIDAD_RP, FECHA_VENCI_RP) VALUES (110,11,110,25,'2018-09-23')
INSERT INTO REG_PROVISION (ID_RP, ID_PV, COD_BR_PD, CANTIDAD_RP, FECHA_VENCI_RP) VALUES (111,11,111,25,'2018-09-23')
INSERT INTO REG_PROVISION (ID_RP, ID_PV, COD_BR_PD, CANTIDAD_RP, FECHA_VENCI_RP) VALUES (112,11,112,25,'2018-09-23')
INSERT INTO REG_PROVISION (ID_RP, ID_PV, COD_BR_PD, CANTIDAD_RP, FECHA_VENCI_RP) VALUES (113,11,113,25,'2018-09-23')
INSERT INTO REG_PROVISION (ID_RP, ID_PV, COD_BR_PD, CANTIDAD_RP, FECHA_VENCI_RP) VALUES (114,11,114,25,'2018-09-23')
INSERT INTO REG_PROVISION (ID_RP, ID_PV, COD_BR_PD, CANTIDAD_RP, FECHA_VENCI_RP) VALUES (115,11,115,25,'2018-09-23')
INSERT INTO REG_PROVISION (ID_RP, ID_PV, COD_BR_PD, CANTIDAD_RP, FECHA_VENCI_RP) VALUES (116,11,116,25,'2018-09-23')
INSERT INTO REG_PROVISION (ID_RP, ID_PV, COD_BR_PD, CANTIDAD_RP, FECHA_VENCI_RP) VALUES (117,11,117,25,'2018-09-23')
INSERT INTO REG_PROVISION (ID_RP, ID_PV, COD_BR_PD, CANTIDAD_RP, FECHA_VENCI_RP) VALUES (118,11,118,25,'2018-09-23')
INSERT INTO REG_PROVISION (ID_RP, ID_PV, COD_BR_PD, CANTIDAD_RP, FECHA_VENCI_RP) VALUES (119,11,119,25,'2018-09-23')
INSERT INTO REG_PROVISION (ID_RP, ID_PV, COD_BR_PD, CANTIDAD_RP, FECHA_VENCI_RP) VALUES (120,120,120,15,'2018-09-27')
INSERT INTO REG_PROVISION (ID_RP, ID_PV, COD_BR_PD, CANTIDAD_RP, FECHA_VENCI_RP) VALUES (121,121,121,20,'2018-09-27')
INSERT INTO REG_PROVISION (ID_RP, ID_PV, COD_BR_PD, CANTIDAD_RP, FECHA_VENCI_RP) VALUES (122,122,122,16,'2018-09-27')
INSERT INTO REG_PROVISION (ID_RP, ID_PV, COD_BR_PD, CANTIDAD_RP, FECHA_VENCI_RP) VALUES (123,123,123,19,'2018-09-27')
INSERT INTO REG_PROVISION (ID_RP, ID_PV, COD_BR_PD, CANTIDAD_RP, FECHA_VENCI_RP) VALUES (124,124,124,41,'2018-09-27')
INSERT INTO REG_PROVISION (ID_RP, ID_PV, COD_BR_PD, CANTIDAD_RP, FECHA_VENCI_RP) VALUES (125,125,125,3,'2018-09-27')
INSERT INTO REG_PROVISION (ID_RP, ID_PV, COD_BR_PD, CANTIDAD_RP, FECHA_VENCI_RP) VALUES (126,126,126,5,'2018-09-27')
INSERT INTO REG_PROVISION (ID_RP, ID_PV, COD_BR_PD, CANTIDAD_RP, FECHA_VENCI_RP) VALUES (127,127,127,11,'2018-09-27')
INSERT INTO REG_PROVISION (ID_RP, ID_PV, COD_BR_PD, CANTIDAD_RP, FECHA_VENCI_RP) VALUES (128,128,128,15,'2018-09-27')
INSERT INTO REG_PROVISION (ID_RP, ID_PV, COD_BR_PD, CANTIDAD_RP, FECHA_VENCI_RP) VALUES (129,120,129,52,'2018-09-27')
INSERT INTO REG_PROVISION (ID_RP, ID_PV, COD_BR_PD, CANTIDAD_RP, FECHA_VENCI_RP) VALUES (130,121,130,32,'2018-09-27')
INSERT INTO REG_PROVISION (ID_RP, ID_PV, COD_BR_PD, CANTIDAD_RP, FECHA_VENCI_RP) VALUES (131,122,131,40,'2018-09-27')
INSERT INTO REG_PROVISION (ID_RP, ID_PV, COD_BR_PD, CANTIDAD_RP, FECHA_VENCI_RP) VALUES (132,123,132,22,'2018-09-27')
INSERT INTO REG_PROVISION (ID_RP, ID_PV, COD_BR_PD, CANTIDAD_RP, FECHA_VENCI_RP) VALUES (133,124,133,9,'2018-09-27')
INSERT INTO REG_PROVISION (ID_RP, ID_PV, COD_BR_PD, CANTIDAD_RP, FECHA_VENCI_RP) VALUES (134,125,134,11,'2018-09-27')
INSERT INTO REG_PROVISION (ID_RP, ID_PV, COD_BR_PD, CANTIDAD_RP, FECHA_VENCI_RP) VALUES (135,126,135,14,'2018-09-27')
INSERT INTO REG_PROVISION (ID_RP, ID_PV, COD_BR_PD, CANTIDAD_RP, FECHA_VENCI_RP) VALUES (136,127,136,15,'2018-10-15')
INSERT INTO REG_PROVISION (ID_RP, ID_PV, COD_BR_PD, CANTIDAD_RP, FECHA_VENCI_RP) VALUES (137,128,137,22,'2018-10-15')
INSERT INTO REG_PROVISION (ID_RP, ID_PV, COD_BR_PD, CANTIDAD_RP, FECHA_VENCI_RP) VALUES (138,120,138,40,'2018-10-15')
INSERT INTO REG_PROVISION (ID_RP, ID_PV, COD_BR_PD, CANTIDAD_RP, FECHA_VENCI_RP) VALUES (139,121,139,32,'2018-10-15')
INSERT INTO REG_PROVISION (ID_RP, ID_PV, COD_BR_PD, CANTIDAD_RP, FECHA_VENCI_RP) VALUES (140,122,140,1,'2018-10-15')
INSERT INTO REG_PROVISION (ID_RP, ID_PV, COD_BR_PD, CANTIDAD_RP, FECHA_VENCI_RP) VALUES (141,123,141,4,'2018-10-15')
INSERT INTO REG_PROVISION (ID_RP, ID_PV, COD_BR_PD, CANTIDAD_RP, FECHA_VENCI_RP) VALUES (142,124,142,15,'2018-10-15')
INSERT INTO REG_PROVISION (ID_RP, ID_PV, COD_BR_PD, CANTIDAD_RP, FECHA_VENCI_RP) VALUES (143,125,143,32,'2018-10-15')
INSERT INTO REG_PROVISION (ID_RP, ID_PV, COD_BR_PD, CANTIDAD_RP, FECHA_VENCI_RP) VALUES (144,126,144,15,'2018-10-15')
INSERT INTO REG_PROVISION (ID_RP, ID_PV, COD_BR_PD, CANTIDAD_RP, FECHA_VENCI_RP) VALUES (145,127,145,11,'2018-10-15')
INSERT INTO REG_PROVISION (ID_RP, ID_PV, COD_BR_PD, CANTIDAD_RP, FECHA_VENCI_RP) VALUES (146,128,146,8,'2018-10-15')
INSERT INTO REG_PROVISION (ID_RP, ID_PV, COD_BR_PD, CANTIDAD_RP, FECHA_VENCI_RP) VALUES (147,120,147,9,'2018-10-15')
INSERT INTO REG_PROVISION (ID_RP, ID_PV, COD_BR_PD, CANTIDAD_RP, FECHA_VENCI_RP) VALUES (148,121,148,16,'2018-10-15')
INSERT INTO REG_PROVISION (ID_RP, ID_PV, COD_BR_PD, CANTIDAD_RP, FECHA_VENCI_RP) VALUES (149,122,149,14,'2018-10-15')
INSERT INTO REG_PROVISION (ID_RP, ID_PV, COD_BR_PD, CANTIDAD_RP, FECHA_VENCI_RP) VALUES (150,123,150,15,'2018-10-16')
INSERT INTO REG_PROVISION (ID_RP, ID_PV, COD_BR_PD, CANTIDAD_RP, FECHA_VENCI_RP) VALUES (151,124,151,11,'2018-10-16')
INSERT INTO REG_PROVISION (ID_RP, ID_PV, COD_BR_PD, CANTIDAD_RP, FECHA_VENCI_RP) VALUES (152,125,152,25,'2018-10-16')
INSERT INTO REG_PROVISION (ID_RP, ID_PV, COD_BR_PD, CANTIDAD_RP, FECHA_VENCI_RP) VALUES (153,126,153,16,'2018-10-16')
INSERT INTO REG_PROVISION (ID_RP, ID_PV, COD_BR_PD, CANTIDAD_RP, FECHA_VENCI_RP) VALUES (154,127,154,19,'2018-10-16')
INSERT INTO REG_PROVISION (ID_RP, ID_PV, COD_BR_PD, CANTIDAD_RP, FECHA_VENCI_RP) VALUES (155,128,155,20,'2018-10-16')
INSERT INTO REG_PROVISION (ID_RP, ID_PV, COD_BR_PD, CANTIDAD_RP, FECHA_VENCI_RP) VALUES (156,120,156,11,'2018-10-16')
INSERT INTO REG_PROVISION (ID_RP, ID_PV, COD_BR_PD, CANTIDAD_RP, FECHA_VENCI_RP) VALUES (157,121,157,19,'2018-10-16')
INSERT INTO REG_PROVISION (ID_RP, ID_PV, COD_BR_PD, CANTIDAD_RP, FECHA_VENCI_RP) VALUES (158,122,158,17,'2018-10-16')
INSERT INTO REG_PROVISION (ID_RP, ID_PV, COD_BR_PD, CANTIDAD_RP, FECHA_VENCI_RP) VALUES (159,123,159,15,'2018-10-16')
INSERT INTO REG_PROVISION (ID_RP, ID_PV, COD_BR_PD, CANTIDAD_RP, FECHA_VENCI_RP) VALUES (160,124,120,19,'2018-10-16')
INSERT INTO REG_PROVISION (ID_RP, ID_PV, COD_BR_PD, CANTIDAD_RP, FECHA_VENCI_RP) VALUES (161,125,121,20,'2018-10-16')
INSERT INTO REG_PROVISION (ID_RP, ID_PV, COD_BR_PD, CANTIDAD_RP, FECHA_VENCI_RP) VALUES (162,126,122,12,'2018-10-16')
INSERT INTO REG_PROVISION (ID_RP, ID_PV, COD_BR_PD, CANTIDAD_RP, FECHA_VENCI_RP) VALUES (163,127,123,11,'2018-10-16')
INSERT INTO REG_PROVISION (ID_RP, ID_PV, COD_BR_PD, CANTIDAD_RP, FECHA_VENCI_RP) VALUES (164,128,124,19,'2018-10-16')
INSERT INTO REG_PROVISION (ID_RP, ID_PV, COD_BR_PD, CANTIDAD_RP, FECHA_VENCI_RP) VALUES (165,120,125,18,'2018-10-16')
INSERT INTO REG_PROVISION (ID_RP, ID_PV, COD_BR_PD, CANTIDAD_RP, FECHA_VENCI_RP) VALUES (166,121,126,11,'2018-10-16')
INSERT INTO REG_PROVISION (ID_RP, ID_PV, COD_BR_PD, CANTIDAD_RP, FECHA_VENCI_RP) VALUES (167,122,127,18,'2018-10-16')
INSERT INTO REG_PROVISION (ID_RP, ID_PV, COD_BR_PD, CANTIDAD_RP, FECHA_VENCI_RP) VALUES (168,123,128,9,'2018-10-16')
INSERT INTO REG_PROVISION (ID_RP, ID_PV, COD_BR_PD, CANTIDAD_RP, FECHA_VENCI_RP) VALUES (169,124,129,6,'2018-11-17')
INSERT INTO REG_PROVISION (ID_RP, ID_PV, COD_BR_PD, CANTIDAD_RP, FECHA_VENCI_RP) VALUES (170,125,130,44,'2018-11-17')
INSERT INTO REG_PROVISION (ID_RP, ID_PV, COD_BR_PD, CANTIDAD_RP, FECHA_VENCI_RP) VALUES (171,126,131,9,'2018-11-17')
INSERT INTO REG_PROVISION (ID_RP, ID_PV, COD_BR_PD, CANTIDAD_RP, FECHA_VENCI_RP) VALUES (172,127,132,16,'2018-11-17')
INSERT INTO REG_PROVISION (ID_RP, ID_PV, COD_BR_PD, CANTIDAD_RP, FECHA_VENCI_RP) VALUES (173,128,133,14,'2018-11-17')
INSERT INTO REG_PROVISION (ID_RP, ID_PV, COD_BR_PD, CANTIDAD_RP, FECHA_VENCI_RP) VALUES (174,120,134,15,'2018-11-17')
INSERT INTO REG_PROVISION (ID_RP, ID_PV, COD_BR_PD, CANTIDAD_RP, FECHA_VENCI_RP) VALUES (175,121,135,11,'2018-11-18')
INSERT INTO REG_PROVISION (ID_RP, ID_PV, COD_BR_PD, CANTIDAD_RP, FECHA_VENCI_RP) VALUES (176,122,136,25,'2018-11-18')
INSERT INTO REG_PROVISION (ID_RP, ID_PV, COD_BR_PD, CANTIDAD_RP, FECHA_VENCI_RP) VALUES (177,123,137,16,'2018-11-18')
INSERT INTO REG_PROVISION (ID_RP, ID_PV, COD_BR_PD, CANTIDAD_RP, FECHA_VENCI_RP) VALUES (178,124,138,19,'2018-11-18')
INSERT INTO REG_PROVISION (ID_RP, ID_PV, COD_BR_PD, CANTIDAD_RP, FECHA_VENCI_RP) VALUES (179,125,139,20,'2018-11-18')
INSERT INTO REG_PROVISION (ID_RP, ID_PV, COD_BR_PD, CANTIDAD_RP, FECHA_VENCI_RP) VALUES (180,126,140,11,'2018-11-20')
INSERT INTO REG_PROVISION (ID_RP, ID_PV, COD_BR_PD, CANTIDAD_RP, FECHA_VENCI_RP) VALUES (181,127,141,19,'2018-11-20')
INSERT INTO REG_PROVISION (ID_RP, ID_PV, COD_BR_PD, CANTIDAD_RP, FECHA_VENCI_RP) VALUES (182,128,142,17,'2018-11-20')
INSERT INTO REG_PROVISION (ID_RP, ID_PV, COD_BR_PD, CANTIDAD_RP, FECHA_VENCI_RP) VALUES (183,120,143,15,'2018-12-20')
INSERT INTO REG_PROVISION (ID_RP, ID_PV, COD_BR_PD, CANTIDAD_RP, FECHA_VENCI_RP) VALUES (184,121,144,19,'2018-12-20')
INSERT INTO REG_PROVISION VALUES(200, 200, 200, 26, '2019-12-10')
INSERT INTO REG_PROVISION VALUES(201, 201, 201, 27, '2018-11-20')
INSERT INTO REG_PROVISION VALUES(202, 202, 202, 20, '2018-10-30')
INSERT INTO REG_PROVISION VALUES(203, 203, 203, 29, '2018-09-10')
INSERT INTO REG_PROVISION VALUES(204, 204, 204, 24, '2019-08-20')
INSERT INTO REG_PROVISION VALUES(205, 205, 200, 10, '2019-07-30')
INSERT INTO REG_PROVISION VALUES(206, 206, 201, 15, '2019-06-10')
INSERT INTO REG_PROVISION VALUES(207, 207, 202, 18, '2018-05-20')
INSERT INTO REG_PROVISION VALUES(208, 208, 203, 25, '2018-04-30')
INSERT INTO REG_PROVISION VALUES(209, 209, 204, 12, '2018-03-10')
INSERT INTO REG_PROVISION VALUES(210, 210, 200, 15, '2019-02-20')
INSERT INTO REG_PROVISION VALUES(211, 211, 201, 16, '2019-01-30')
INSERT INTO REG_PROVISION VALUES(212, 212, 202, 18, '2019-12-10')
INSERT INTO REG_PROVISION VALUES(213, 213, 203, 19, '2018-11-20')
INSERT INTO REG_PROVISION VALUES(214, 214, 204, 20, '2018-10-30')
INSERT INTO REG_PROVISION VALUES(215, 215, 200, 25, '2018-09-10')
INSERT INTO REG_PROVISION VALUES(216, 216, 201, 27, '2019-08-20')
INSERT INTO REG_PROVISION VALUES(217, 217, 202, 28, '2019-07-30')
INSERT INTO REG_PROVISION VALUES(218, 218, 203, 35, '2019-06-10')
INSERT INTO REG_PROVISION VALUES(219, 219, 204, 10, '2018-05-20')
INSERT INTO REG_PROVISION VALUES(220, 220, 200, 9, '2018-04-30')
INSERT INTO REG_PROVISION VALUES(221, 221, 201, 20, '2018-03-10')
INSERT INTO REG_PROVISION VALUES(222, 222, 202, 28, '2019-02-20')
INSERT INTO REG_PROVISION VALUES(223, 223, 203, 35, '2019-01-30')
INSERT INTO REG_PROVISION VALUES(224, 224, 204, 27, '2019-12-10')
INSERT INTO REG_PROVISION VALUES(225, 225, 200, 39, '2018-11-20')
INSERT INTO REG_PROVISION VALUES(226, 226, 201, 12, '2018-10-30')
INSERT INTO REG_PROVISION VALUES(227, 227, 202, 25, '2018-09-10')
INSERT INTO REG_PROVISION VALUES(228, 228, 203, 31, '2019-08-20')
INSERT INTO REG_PROVISION VALUES(229, 229, 204, 25, '2019-07-30')
INSERT INTO REG_PROVISION VALUES(230, 230, 200, 29, '2019-06-10')
INSERT INTO REG_PROVISION VALUES(231, 231, 201, 20, '2018-05-20')
INSERT INTO REG_PROVISION VALUES(232, 232, 202, 16, '2018-04-30')
INSERT INTO REG_PROVISION VALUES(233, 200, 203, 19, '2018-03-10')
INSERT INTO REG_PROVISION VALUES(234, 201, 204, 21, '2019-02-20')
INSERT INTO REG_PROVISION VALUES(235, 202, 200, 21, '2019-01-30')
INSERT INTO REG_PROVISION VALUES(236, 203, 201, 19, '2019-12-10')
INSERT INTO REG_PROVISION VALUES(237, 204, 202, 21, '2018-11-20')
INSERT INTO REG_PROVISION VALUES(238, 205, 203, 5, '2018-10-30')
INSERT INTO REG_PROVISION VALUES(239, 206, 204, 28, '2018-09-10')
INSERT INTO REG_PROVISION VALUES(240, 207, 200, 23, '2019-08-20')
INSERT INTO REG_PROVISION VALUES(241, 208, 201, 20, '2019-07-30')
INSERT INTO REG_PROVISION VALUES(242, 209, 202, 12, '2019-06-10')
INSERT INTO REG_PROVISION VALUES(243, 210, 203, 10, '2018-05-20')
INSERT INTO REG_PROVISION VALUES(244, 211, 204, 13, '2018-04-30')
INSERT INTO REG_PROVISION VALUES(245, 212, 200, 19, '2018-03-10')
INSERT INTO REG_PROVISION VALUES(246, 213, 201, 21, '2019-02-20')
INSERT INTO REG_PROVISION VALUES(247, 214, 202, 28, '2019-01-30')
INSERT INTO REG_PROVISION VALUES(248, 215, 203, 23, '2018-12-10')
INSERT INTO REG_PROVISION VALUES(249, 216, 204, 21, '2018-11-20')
--VENTAS 
INSERT INTO VENTA VALUES (19888999,'2018-05-28','09:35:56')
INSERT INTO VENTA VALUES (19889888,'2018-06-01','15:42:32')
INSERT INTO VENTA VALUES (19888999,'2018-06-05','18:15:01')
INSERT INTO VENTA VALUES (19888999,'2018-06-10','19:00:00')
INSERT INTO VENTA VALUES (13888999,'2018-06-15','15:15:12')
INSERT INTO VENTA VALUES (13888999,'2018-06-17','21:12:39')
INSERT INTO VENTA VALUES (19888999,'2018-06-24','14:17:54')
INSERT INTO VENTA VALUES (19889888,'2018-06-25','15:56:53')
INSERT INTO VENTA VALUES (19888999,'2018-06-28','17:18:05')
INSERT INTO VENTA VALUES (19888999,'2018-07-05','12:14:20')
INSERT INTO VENTA VALUES (19889888,'2018-07-10','15:45:00')

--RESGISTRO VENTAS
